{"Experiment 1": {"loss0": [0.7400332432672182, 0.6621026824631969, 0.800582085435378], "lr": [0.0001, 0.0002, 0.0003]}, "Experiment 2": {"loss0": [0.6881607952980863, 0.7466321143833539, 0.8122276130916639], "lr": [0.0001, 0.0002, 0.0003]}, "Experiment 3": {"loss0": [0.6775430763430773], "lr": [0.0002]}, "Experiment 4": {"loss0": [0.807682506820655], "lr": [0.0002]}, "Experiment 5": {"loss0": [0.7502312297032354], "lr": [0.0002]}, "Experiment 6": {"loss0": [0.7345577210512937], "lr": [0.0002]}, "Experiment 7": {"loss0": [0.7677008507476035], "lr": [0.0002]}}