{"loss0": [0.3389667603978268, 0.7366564355685892, 0.7074177596225396], "lr": [0.0003, 0.0001, 0.0007]}