{"loss0": [0.620972988890482, 0.6041798482975103, 0.1373441222830037], "lr": [0.0003, 0.0001, 0.0007]}